,links,status_code
0,https://www.factorybuys.com.au/products/euro-top-mattress-king,200
1,https://dunlin.com.au/products/beadlight-cirrus,200
2,https://themodern.net.au/products/hamar-plant-stand-ash,200
3,https://furniturefetish.com.au/products/oslo-office-chair-white,200
6,https://interiorsonline.com.au/products/interiors-online-gift-card,200
8,https://livingedge.com.au/products/tables/dining,200
13,https://www.knoll.com/design-plan/products/by-designer/knoll,200
15,https://vastinterior.com.au/products/samson-daybed-single-2,200
16,https://www.hudsonfurniture.com.au/products/string-weave-timber-stool,200
18,https://dhfonline.com/products/gift-card,200
20,https://www.tandemarbor.com/products/kaiser-box-bed-blush-plush-velvet,200
21,https://www.perchfurniture.com/products/hoyt-chair,200
27,https://www.fentonandfenton.com.au/products/gift-card&media=http://cdn.shopify.com/s/files/1/1909/9637/products/GiftVouchers_Product_1024x1024.jpg&description=Gift%20Card%20%23Art-Lover%20%23Birthday%20%23Colour-Lover,200
28,https://4-chairs.com/products/mason-chair,200
29,https://www.theinside.com/products/x-bench-onyx-austin-stripe-by-old-world-weavers/PTM_XBench_OnyxAustinStripeByOldWorldWeavers,200
31,https://pinchdesign.com/products/yves-desk,200
32,https://www.do-shop.com/products/gift-card,200
33,https://claytongrayhome.com/products/palecek-coco-ruffle-mirror,200
34,https://dfohome.com/products/patio-furniture/swings/all-swings,200
36,https://www.kmpfurniture.com/fire_collection/products/beds_80.html,200
38,https://www.furnitureworldgalleries.com/products/,200
40,https://cityfurnitureshop.com/collections/greenington/products/azara-bed,200
41,https://www.theguestroomfurniture.com/products/,200
42,https://www.danishinspirations.com/products/products/bedroom/page/3/,200
43,https://columbineshowroom.com/products/,200
44,https://emfurn.com/products/aaron-sofa,200
47,https://galvinbrothers.co.uk/products/alfandbud,200
48,https://tyfinefurniture.com/products/enso-platform-bed,200
49,https://24estyle.com/products/eliza-fan,200
55,https://www.cranmorehome.com.au/products/gift-card,200
56,https://www.vavoom.com.au/products/ebony-chest,200
57,https://www.goodwoodfurniture.com.au/products/wardrobes/colonial-robe/,200
60,https://www.yellowleafhammocks.com/products/hammock-gift-card,200
61,https://asplundstore.se/products/fish-bricka,200
69,https://www.mybudgetfurniture.com/products/3pc-sectional,200
71,https://www.fads.co.uk/products/living/sofas/sofa-beds/,200
73,https://www.hipvan.com/products/sleep-mattress?ref=nav_dropdown,200
77,https://dwell.co.uk/products/sleep/type/bed/,200
80,https://www.timothyoulton.com/products/living/sectional-sofas,200
81,https://www.warmnordic.com/global/products/news,200
82,https://www.royaloakfurniture.co.uk/products/pop-bench,200
83,https://mulamu.com/products/membership,200
87,https://theodores.com/products/,200
92,https://www.jensen-lewis.com/products/guardsman-gold-complete-plan,200
95,https://cultdesign.co.nz/products/molloy-chair,200
96,https://www.gloster.com/en/products/materials/teak,200
98,https://capsulehome.com/products/frey-sofa'%3EFrey%20Sofa%3C/a%3E%20and%20I%20wanted%20to%20share%20it%20with%20you,200
100,https://www.normann-copenhagen.com/en/en/products/tivoli/lamps/toli-lamp--20-cm-eu-5005028,200
102,https://allwoodfurn.com/products/group-119-rustic-two-tone-gathering-table-and-barstools,200
104,https://lostine.com/products/jack-chairs,200
106,https://www.somedaydesigns.co.uk/products/muuto-tip-lamp?variant=513748041743,200
107,https://www.mainecottage.com/collections/workspace/products/big-cay-desk,200
117,https://vancouverwoodworks.com/products/aamerica-wslcb5091,200
118,https://www.kannoa.com/products/lipa-barstool,200
119,https://furnitureoutletnc.com/products/deluxe-full-mattress,200
123,https://www.thefurnituremegastore.co.uk/products/noir-80x180-cm-wall-mirror,200
125,https://eurolivingfurniture.com/products/746-writing-desk,200
126,https://www.efurnitureny.com/products/wardrobes-and-closets/wardrobe-closet-and-armoires,200
136,https://decorium.us/products/costa-adjustable-barstool,200
137,https://www.softsquare.com/collections/usm-haller/products/usm-haller-media-o1,200
141,https://najarianfurniture.com/products/roma-sofa-pebble,200
142,https://qualitywoods.com/products/qw-amish-mckee-6pc-dining-set?variant=31793708105810,200
145,https://americanbackyard.com/products/gift-card,200
148,https://craftassociatesfurniture.com/products/craft-associates-wool-lounge-chairs-1519,200
149,https://huset-shop.com/products/gift-card,200
150,https://www.scotmeachamwoodhome.com/products/hodges-tweed,200
151,https://www.espasso.com/products/tearsheet/1815,200
152,https://sika-design.com/products/belladonna-nature,200
154,https://thebellacottage.com/products/barrel-bar,200
155,https://www.skandium.com/products/ch24-soft,200
156,https://www.woodwaves.com/products/gray-floating-tv-stand-entertainment-center-eco-geo-lakewood,200
160,https://jeremiahcollection.com/products/record-storage-console,200
162,https://thefinestore.com/products/gift-card,200
163,http://oot-oot.com/products/,200
164,https://lorfords.com/collections/the-armchair-collection/products/the-bayswater-armchair,200
168,https://pastperfect.sg/products/,200
169,https://bastilleandsons.com.au/products/ottoman-leo,200
170,https://classicwithatwist.com.au/products/1900-bench,200
172,https://thewoodroom.com.au/products/take-me-back,200
173,https://thebanyantree.com.au/products/gift-card,200
175,https://hauserstores.com/products/mesa-sofa?view=product-alt,200
176,https://boahaus.com/products/boahaus-urban-dressing-table,200
178,https://livingbydesign.net.au/products/sorensen-teak-bench-seat-dining,200
179,https://www.living-home.co.uk/products/58-07-valencia-side-table,200
180,https://relm.com.au/products/,200
183,https://www.bellus.com/products/,200
186,https://modernkomfort.ca/products/glen,200
187,https://www.aarniooriginals.com/collections/shop/products/pony,200
188,https://chansfurniture.com/products/copy-of-42-tennant-brand-modern-style-beatrice-bathroom-sink-vanity-tb-9433-v42-wenge-color,200
190,https://hedgehousefurniture.com/products/windsor-bed,200
195,https://shop.vanillawood.com/products/plume-wallpaper,200
199,https://oakforless.com/products/gift-card,200
200,https://www.castlery.com/products/spot-shelf,200
203,https://homestreethome.ie/products/zinc-tray,200
205,https://www.myconcept.com.hk/products/moo,200
208,https://vauntdesign.com/products/forna-plant-stand-small,200
211,https://asianteakfurniture.com/products/bali-teak-bench-atf388,200
212,https://furnitica-vinova.myshopify.com/products/enim-donec-pede,200
215,https://barnabylane.com.au/products/spensley-tan,200
217,https://www.modernfurniture.com.au/collections/on-sale/products/vision-suspended-sunbed,200
219,https://teak-furniture-singapore.com/products/sweden-side-table,200
220,https://teak-warehouse-sale.com/products/tws889lt-000-ta-lp,200
221,https://www.countrysideamishfurniture.com/products/home-entertainment-centers/all/P40,200
222,https://www.modishstore.com/products/twos-company-sunburst-antiqued-gold-wall-mirror,200
224,https://loft-theme-demo-nashville.myshopify.com/products/black-chair,200
225,https://teakco.com/products/amsterdam-2-drawer-bedside-table-tek168bs-002-ta,200
228,https://big-sale-furniture.com/products/amsterdam-bench-150-x-35-be-150-35-ta,200
229,https://taktcph.com/products/,200
230,https://www.blackmango.com.au/products/gift-card,200
232,https://candb.ca/products/10-gel-memory-foam-mattress,200
233,https://www.oopenspace.com/products/nova-3,200
235,https://thonet.co.nz/products/all,200
240,https://taeillo.com/products/ada,200
243,https://ubikhome.co.za/products/ada-tv-stand,200
244,https://vintage-etc.com/products/tabeni-coat-stand,200
246,https://www.hamac-shop.be/products/hamac-brasil-xxl-vert,200
248,https://ikonitaly.com/products/minimaproject-chieut-table,200
253,https://waltercox.co.uk/products/,200
255,http://www.diamondfurniturepremier.com/products/,200
257,https://www.212concept.com/products/ikon-sofa,200
259,https://vintagehomeboutique.ca/products/zinolin-teak-oil,200
261,https://www.couchpotatocompany.com/collections/best-sellers/products/ro-armchair,200
264,https://www.laura-james.co.uk/products/coffee-table-corona,200
265,https://emesfurnishop.co.uk/products/ivo-wardrobe,200
266,https://mossgardenhome.com/products/woodland-puzzle,200
271,https://lesa.com.my/website2019/products/living/,200
274,https://nyfurnitureoutlets.com/products/acme-furniture-versailles-classic-bed-king,200
275,https://www.mydiscountmalta.com/products/mdm-wardrobe,200
276,http://www.muuduufurniture.com/products/frame-material/wood/,200
277,https://ifurnituresupply.com/products/spray-adhesive,200
278,https://lazysusansusa.com/products/ls-16-myr-16-inches-in-diameter,200
280,https://www.willowcreekteak.com/products/8pc-venice,200
282,https://hklivingusa.com/products/marble-terrazzo-board-multi-color,200
284,https://scenicdecor.ca/products/grasshopper-storage-bin,200
289,https://www.18karatstore.com/collections/new/products/argea,200
290,https://mesasilla.ca/products/,200
297,https://varkoa.com/products/sven-chair,200
299,http://veranda.com.au/products/#outdoor-anchor,200
300,https://syscomseatings.com/products/workstation-manufacturers-bangalore/tile/,200
305,https://www.insaraf.com/products/solid-wood-coasters,200
309,https://www.nsquarestudio.com/products/odin-bedside-table,200
310,https://lovenlight.eu/products/page/3/,200
313,https://scanteak.com.sg/products/apen-bookcase,200
315,http://roomyroom.com/collections/writing-table/products/french-riviera-paris-3-drawer-desk-rmy238,200
316,https://www.finnavenue.com/products/carrara-round-dining-table,200
318,https://singapore-furniture-sale.com/products/naples-teak-coffee-table-40x60x100-sfs638ct-000-ta,200
320,https://1outdoorfurniture.com/products/asmund-outdoor-console-table-with-2-sink-set-1tf168inx-console-table-2-sink-set,200
321,https://wholesaleclassicfurniture.com/products/lyon-french-victorian-lamp-table-bedside-timber-bedside-table-white-wcf168bs-101-pn-wh_1,200
322,https://www.novena.com.sg/collections/stayhome-collection-for-immediate-delivery/products/altas-dining-set-solid-wood,200
323,https://taylorbdesign.com/products/hb-1441,200
324,https://houseofanli.com/products/gift-card,200
325,https://hemma.sg/products/flower-planter?_pos=1&_sid=7be5737ba&_ss=r,200
326,https://wholesaleteakcompany.com/collections/frontpage/products/sonoma-los-angeles-mirror-back-teak-glass-display-cabinet-wtc288dc-200-mr-pnm,200
330,https://hmezsofa.sg/products/marble-tray,200
332,https://www.vetrohome.com/products/dice-sofa,200
336,https://solidaustin.com/products/cooks-sofa,200
337,https://alteriors.ca/collections/herman-miller/products/nelson-saucer-bubble-lamp,200
341,https://www.eurohausfurniture.com/products/novaluna-parigi-platform-bed,200
342,https://www.ultimateliving.co.nz/products/adam,200
343,https://www.rimufurniture.co.nz/products/riviera-1900-hutch-2/,200
344,https://www.zavedo.nz/collections/wall-hooks/products/soho-hook-50,200
351,https://www.jardin.co.nz/clearance/products/costa-chair-~-verbena/,200
352,https://www.corcovado.co.nz/products/the-corcovado-kea-sofa,200
353,https://www.lujo.co.nz/products/bean-bag-hook,200
354,https://www.lujoliving.com/products/bean-bag-hook,200
364,https://modernhomefurniture.com.au/products/albert-sofa,200
372,https://www.zipchair.com/products/stealth-recliner-with-boston-bruins-logo,200
379,https://dkmodernfurniture.com/products/novah-desks?variant=20650194534470,200
382,http://position-collective.com/skill/products/,200
387,https://jubileefurniturelv.com/products/anette-modern-leather-bed,200
388,https://www.madebyhame.com/products/ladder,200
390,https://interiorsinvogue.com/products/side-sofa-table-silver-finish-har189,200
394,https://rileysrealwood.com/products/detail/magnistretch-12,200
398,https://shop-ames-interiors.com/products/gift-card,200
399,https://www.royalgarden.com/products/russel-4pc-seating-set,200
405,https://centralcoastfurniture.com/collections/desks/products/lewis-desk,200
409,https://www.henryandoliverco.com/products/gift-vouchers,200
411,https://avehome.com/products/aria-desk,200
412,https://elephanthead.co.uk/products/colourful-markers-cushion-cover,200
414,https://www.coolstuffandaccessories.com/products/white-wood-dining-table,200
421,https://french-classic-furniture.com/products/french-round-back-dining-chair-white-fcf688ch-000-rd-qa-wh_1,200
422,https://habitekshop.com/products/model-5-oak,200
427,https://plankandpipe.co.uk/products/copper-pipe-clothes-hanger-hooks,200
429,https://www.polyteakoutdoor.com/products/polyteak-curved-outdoor-rocking-chair,200
431,https://modholic.com/products/tulip-bar-table,200
432,https://walkeredisonshop.com/products/jackson-slat-entry-table,200
438,https://yoyo.co.nz/products/yoyo-gift-voucher,200
439,https://newstartfurniture.com.au/products/4-four-poster-king-bed-frame,200
447,https://mahliainteriors.com.au/collections/mothers-day-15-off-sale/products/bone-inlay-floral-box-black,200
450,https://choufani.com/products/primavera-bed,200
451,https://copperbarnhome.com/products/gift-card,200
453,https://www.ofo.com.au/products/hanging-pod-chair,200
455,https://www.furniturecontracts.com.au/products/,200
456,https://www.innerspace.net.au/products/STOOLS-5414,200
462,https://www.naturalgeo.com/products/natural-geo-jasmine-modern-wavy-abstract-gray-black-area-rug,200
464,https://hamptonsstyle.com.au/products/hamptons-style-gift-card,200
465,https://www.henkalab.com/products/kaona-table,200
468,https://www.blockandchisel.co.za/products/special-features/promotion-53,200
480,https://mintffe.com.au/products/,200
482,https://modernityvintage.com/products/wilhelm-renz-metamorphic-coffee-table,200
484,https://www.smallspaceplus.com/products/scube,200
488,https://www.totemroad.com/products/gift-card,200
490,https://whataroom.com/collections/new-arrival-rugs/products/arsene-r3475-aqu000,200
493,https://penelopesgarden.us/products/cbd-starter-kit-save-5,200
500,https://idsfurniture.com/categories/563349/simon/products/sim-s-ch/simon-side-chair,200
501,https://www.byronbayhangingchairs.com.au/products/weekender,200
502,https://www.homebarsusa.com/products/howard-miller-niagara-bar-693-001,200
503,https://www.wellhunghammocks.com/products/mexican-hammock,200
506,https://midcenturymasters.com/products/sculptural-ebonized-credenza-with-silver-leafed-front,200
507,https://primrosehomeware.co.uk/products/pulley-clothes-airer-5-lath,200
509,https://www.classic2modern.com/products/100-sofa,200
510,https://www.mrandmrswhite.net/products/gift-card-2,200
513,https://www.theteakplace.com.au/products/garden-bench-cushions,200
515,https://www.mymoderndecor.com/sales@mymoderndecor.com/products/slim-bookcase-800923,200
519,https://thecountryfurniture.com/products/sequoia,200
521,https://reecefurniture.com/products/jonkoping-sofa,200
522,https://ulfertskids.com/products/rectangle-6,200
524,https://www.thecurious.mx/collections/products/products/arcos-chair,200
525,https://www.prestige-affairs.com/products/wishbone-y-chair,200
527,https://vanspecial.com/products/self-planner,200
529,https://www.wbjamieson.com/products/string-system,200
532,https://www.canvasinteriors.com/collections/rugs/products/lia,200
535,https://www.sunshinefurniture.com.au/products/albert-sofa,200
538,https://elinahome.com/products/18-x-18-inch-satin-napkins-rhinestone-napkin-rings-party-supplies-christmas-decorations-wedding-birthday-baby-shower,200
541,https://www.modernisedliving.com.au/products/3-sets-tank-pots-grey,200
542,https://shop.humblecrew.com/products/lucky-theory-metal-chair,200
543,https://www.simplyfurnishing.co.uk/products/4kids-1-door-desk-mobile-with-lemon-handles,200
544,https://uniqwafurniture.com.au/collections/decorative-decor/products/bwindi-wall-art,200
545,https://woodshopfogoisland.ca/products/bertha-chair,200
546,https://profilesny.com/collections/art/products/bleach-scarf,200
548,https://www.thefurniturefactory.org.uk/products/warwick-dining-set,200
551,https://tiger-oak.com/products/skovby-portable-bar,200
552,https://www.georgestreet.co.uk/products/e1-flush-3-light-ceiling-light/,200
554,https://jordansinteriors.ca/products/park-slope-desk,200
555,http://camerich-bd.com/products/,200
557,https://bestfurniture.co.nz/products/linea-sideboard,200
558,https://www.imfurniturestore.com/products/sofa,200
564,https://adona.in/products/adona-adonica-fusion-king-bed-plywood,200
566,https://shop.gubi.com/products/epic-dining-table,200
567,https://nativelifestyle.co.uk/products/cons-cesar01,200
568,https://gibsonpatioshop.com/products/index.html,200
573,https://bohincstudio.com/collections/vases/products/jupiter-vase,200
574,https://austinleathergallerytx.com/products/,200
580,https://www.saladinostyle.com/products/nature,200
581,https://finelinefurnitureandaccessories.com/products/colosso-woven-neoprene-hand-knotted-basket,200
584,https://camerichseattle.com/products/rugs/,200
586,https://domedeco.us/categories/639951/carpets/products/zu140200{slash}an/woolen-carpet-_singlequotes_zubair_singlequotes_,200
587,https://donar.si/products/collodi,200
590,https://www.gblfurniture.com/products/provence-1door-cabinet,200
593,https://westbridgefurniturestoke.co.uk/products/view/890,200
595,https://www.hopperstudio.com/products/sofia-nightstand,200
599,https://www.angliarecliners.co.uk/products/swan/,200
601,http://www.furnimax.co.uk/products/more-sleep-cadiz-double-complete-set/,200
603,https://headandhaft.co.uk/products/tir,200
604,https://hilaryandflo.co.uk/products/nice-print,200
605,https://pepegarden.co.uk/products/erica-park-bench,200
608,https://shannonsales.co.uk/products/special-offers/special-offers-and-sale-items/,200
609,https://settlehome.co.uk/products/double-pair-of-triple-pinch-pleat-curtains-in-zoffany,200
610,https://www.simplyhammocks.co.uk/collections/new-products/products/denim-hammock,200
612,https://tiffanyjayne.co.uk/products/small-hooks,200
616,https://thefurniture-house.co.uk/products/new-grey-recliner-sofa,200
618,https://www.dillamores.co.uk/products/claremont-two-seater-sherborne/,200
620,https://www.fireandco.co.uk/products/fire,200
621,https://www.askewsfurniture.co.uk/products/disposal-of-old-mattress,200
623,http://andywilx.co.uk/collections/cushions/products/dreaming-cushion,200
624,https://www.bridgnorthfurniture.co.uk/products/verona-chair,200
626,http://davidmoura.co.uk/products/eight-light-antler-chandelier,200
627,https://www.theurbaneditions.com/products/marston-wide-desk-on-minimalist-square-legs,200
630,https://furniturevilla.co.uk/products/living-room-furniture/desk,200
631,https://www.grandadsshedbrigg.co.uk/products/living/east-indies-living/,200
632,https://hanchicsfurniture.co.uk/products/stag-f-b-sideboard,200
637,https://www.nabisottomanfurniture.co.uk/products/chesterfield-diamante-bed-frame,200
639,https://www.poppiesfurnituredirect.co.uk/apps/webstore/products/show/5373703,200
646,https://thedorsetfurniturecompany.co.uk/products/arctic-white-high-gloss-150cm-shelf,200
647,http://thefurnitureshopblackhall.co.uk/products/,200
649,https://www.littletulip.com/products/set-200-marble-6,200
651,https://urbansize.co.uk/products/hallway-tidy,200
653,https://www.abowed.co.uk/products/oak-four-poster-bed,200
656,https://www.oaktreeupholstery.co.uk/products/double-headboard-b-fabric,200
663,https://shackletonsretail.co.uk/products/,200
666,https://snugathome.co.uk/products/eiffel-dining-chair,200
668,https://rusticland.co.uk/products/industrial-2x-handmade-x-dining-table-bench-frame-steel-large-table-pedestal-legs,200
679,https://www.homeaffections.co.uk/products/wide-display-cabinet-540005-bonoca,200
683,https://derwenthouseliving.co.uk/products/,200
690,https://www.collectioni.com/products/noahs-ark-lounge-swivel-chair,200
692,https://odafurniture.com/products/,200
694,https://squarehome.com/products/,200
696,https://thebeachfurniture.com.au/products/gift-card,200
700,http://aonefurniture.in/userdata/products/no%20value,200
702,https://gfurniture.ca/products/,200
